player_name,team,position,age,nationality,club,photo_url
Achref Abada,Algeria,Defender,,,,
Adil Boulbina,Algeria,Forward,,,,
Aissa Mandi,Algeria,Defender,,,,
Amine Gouiri,Algeria,Forward,,,,
Anis Hadj Moussa,Algeria,Forward,,,,
Fares Chaibi,Algeria,Midfielder,,,,
Fares GhedJemis,Algeria,Forward,,,,
Hicham Boudaoui,Algeria,Midfielder,,,,
Houssem Aouar,Algeria,Midfielder,,,,
Ibrahim Maza,Algeria,Midfielder,,,,
Jaouen Hadjam,Algeria,Defender,,,,
Luca Zidane,Algeria,Goalkeeper,,,,
Melvin Mastil,Algeria,Goalkeeper,,,,
Mohamed Amine Tougai,Algeria,Defender,,,,
Mohamed El Amine Amoura,Algeria,Forward,,,,
Nabil Bentaleb,Algeria,Midfielder,,,,
Nadhir Benbouali,Algeria,Forward,,,,
Oussama Benbot,Algeria,Goalkeeper,,,,
Rafik Belghali,Algeria,Defender,,,,
Ramiz Zerrouki,Algeria,Midfielder,,,,
Ramy Bensebaini,Algeria,Defender,,,,
Rayan Ait-Nouri,Algeria,Defender,,,,
Riyad Mahrez,Algeria,Forward,,,,
Samir Chergui,Algeria,Defender,,,,
Yacine Titraoui,Algeria,Midfielder,,,,
Zineddine Belaid,Algeria,Defender,,,,
Alexis Mac Allister,Argentina,Midfielder,,,,
Cristian Romero,Argentina,Defender,,,,
Emiliano Martinez,Argentina,Goalkeeper,,,,
Enzo Fernandez,Argentina,Midfielder,,,,
Exequiel Palacios,Argentina,Midfielder,,,,
Facundo Medina,Argentina,Defender,,,,
Geronimo Rulli,Argentina,Goalkeeper,,,,
Giovani Lo Celso,Argentina,Midfielder,,,,
Giuliano Simeone,Argentina,Forward,,,,
Gonzalo Montiel,Argentina,Defender,,,,
Jose Manuel Lopez,Argentina,Forward,,,,
Juan Musso,Argentina,Goalkeeper,,,,
Julian Alvarez,Argentina,Forward,,,,
Lautaro Martinez,Argentina,Forward,,,,
Leandro Paredes,Argentina,Midfielder,,,,
Lionel Messi,Argentina,Forward,,,,
Lisandro Martinez,Argentina,Defender,,,,
Marcos Senesi,Argentina,Defender,,,,
Nahuel Molina,Argentina,Defender,,,,
Nico Paz,Argentina,Midfielder,,,,
Nicolas Gonzalez,Argentina,Forward,,,,
Nicolas Otamendi,Argentina,Defender,,,,
Nicolas Tagliafico,Argentina,Defender,,,,
Rodrigo de Paul,Argentina,Midfielder,,,,
Thiago Almada,Argentina,Midfielder,,,,
Valentin Barco,Argentina,Defender,,,,
Aiden O'Neill,Australia,Midfielder,,,,
Ajdin Hrustic,Australia,Midfielder,,,,
Alessandro Circati,Australia,Defender,,,,
Awer Mabil,Australia,Midfielder,,,,
Aziz Behich,Australia,Midfielder,,,,
Cameron Burgess,Australia,Defender,,,,
Cameron Devlin,Australia,Midfielder,,,,
Connor Metcalfe,Australia,Midfielder,,,,
Cristian Volpato,Australia,Midfielder,,,,
Harry Souttar,Australia,Defender,,,,
Jackson Irvine,Australia,Midfielder,,,,
Jacob Italiano,Australia,Defender,,,,
Jason Geria,Australia,Defender,,,,
Jordan Bos,Australia,Defender,,,,
Kai Trewin,Australia,Defender,,,,
Lucas Herrington,Australia,Defender,,,,
Mathew Leckie,Australia,Forward,,,,
Matthew Ryan,Australia,Goalkeeper,,,,
Milos Degenek,Australia,Defender,,,,
Mohamed Toure,Australia,Forward,,,,
Nestory Irankunda,Australia,Forward,,,,
Nishan Velupillay,Australia,Forward,,,,
Patrick Beach,Australia,Goalkeeper,,,,
Paul Izzo,Australia,Goalkeeper,,,,
Paul Okom-Engstler,Australia,Midfielder,,,,
Tete Yengi,Australia,Forward,,,,
Alessandro Schopf,Austria,Midfielder,,,,
Alexander Prass,Austria,Midfielder,,,,
Alexander Schlager,Austria,Goalkeeper,,,,
Carney Chukwuemeka,Austria,Midfielder,,,,
David Affengruber,Austria,Defender,,,,
David Alaba,Austria,Midfielder,,,,
Dejan Ljubicic,Austria,Midfielder,,,,
Florian Grillitsch,Austria,Midfielder,,,,
Florian Wiegele,Austria,Goalkeeper,,,,
Kevin Danso,Austria,Defender,,,,
Konrad Laimer,Austria,Midfielder,,,,
Marcel Sabitzer,Austria,Midfielder,,,,
Marco Friedl,Austria,Defender,,,,
Marko Arnautovic,Austria,Midfielder,,,,
Michael Gregoritsch,Austria,Forward,,,,
Michael Svoboda,Austria,Defender,,,,
Nicolas Seiwald,Austria,Midfielder,,,,
Patrick Pentz,Austria,Goalkeeper,,,,
Patrick Wimmer,Austria,Midfielder,,,,
Paul Wanner,Austria,Midfielder,,,,
Philipp Lienhart,Austria,Defender,,,,
Phillipp Mwene,Austria,Defender,,,,
Romano Schmid,Austria,Midfielder,,,,
Sasa Kalajdzic,Austria,Forward,,,,
Stefan Posch,Austria,Defender,,,,
Xaver Schlager,Austria,Midfielder,,,,
Alexis Saelemaekers,Belgium,Midfielder,,,,
Amadou Onana,Belgium,Midfielder,,,,
Arthur Theate,Belgium,Defender,,,,
Axel Witsel,Belgium,Midfielder,,,,
Brandon Mechele,Belgium,Defender,,,,
Charles de Ketelaere,Belgium,Midfielder,,,,
Diego Moreira,Belgium,Midfielder,,,,
Dodi Lukebakio,Belgium,Midfielder,,,,
Hans Vanaken,Belgium,Midfielder,,,,
Jeremy Doku,Belgium,Forward,,,,
Joaquin Seys,Belgium,Defender,,,,
Kevin De Bruyne,Belgium,Midfielder,,,,
Koni De Winter,Belgium,Defender,,,,
Leandro Trossard,Belgium,Forward,,,,
Matias Fernandez Pardo,Belgium,Forward,,,,
Maxim de Cuyper,Belgium,Defender,,,,
Mike Penders,Belgium,Goalkeeper,,,,
Nathan Ngoy,Belgium,Defender,,,,
Nicolas Raskin,Belgium,Midfielder,,,,
Romelu Lukaku,Belgium,Forward,,,,
Senne Lammens,Belgium,Goalkeeper,,,,
Thibaut Courtois,Belgium,Goalkeeper,,,,
Thomas Meunier,Belgium,Defender,,,,
Timothy Castagne,Belgium,Defender,,,,
Youri Tielemans,Belgium,Midfielder,,,,
Amar Dedic,Bosnia and Herzegovina,Defender,,,,
Amar Memic,Bosnia and Herzegovina,Midfielder,,,,
Amir Hadziahmetovic,Bosnia and Herzegovina,Midfielder,,,,
Arjan Malic,Bosnia and Herzegovina,Defender,,,,
Armin Gigovic,Bosnia and Herzegovina,Midfielder,,,,
Benjamin Tahirovic,Bosnia and Herzegovina,Midfielder,,,,
Dennis Hadzikadunic,Bosnia and Herzegovina,Defender,,,,
Dzenis Burnic,Bosnia and Herzegovina,Midfielder,,,,
Edin Dzeko,Bosnia and Herzegovina,Forward,,,,
Ermedin Demirovic,Bosnia and Herzegovina,Forward,,,,
Ermin Mahmic,Bosnia and Herzegovina,Midfielder,,,,
Esmir Bajraktarevic,Bosnia and Herzegovina,Forward,,,,
Haris Tabakovic,Bosnia and Herzegovina,Forward,,,,
Ivan Basic,Bosnia and Herzegovina,Midfielder,,,,
Ivan Sunjic,Bosnia and Herzegovina,Midfielder,,,,
Jovo Lukic,Bosnia and Herzegovina,Forward,,,,
Kerim-Sam Alajbegovic,Bosnia and Herzegovina,Midfielder,,,,
Martin Zlomislic,Bosnia and Herzegovina,Goalkeeper,,,,
Mladen Jurkas,Bosnia and Herzegovina,Goalkeeper,,,,
Nihad Mujakic,Bosnia and Herzegovina,Defender,,,,
Nikola Katic,Bosnia and Herzegovina,Defender,,,,
Nikola Vasilj,Bosnia and Herzegovina,Goalkeeper,,,,
Samed Bazdar,Bosnia and Herzegovina,Forward,,,,
Sead Kolasinac,Bosnia and Herzegovina,Midfielder,,,,
Stjepan Radeljic,Bosnia and Herzegovina,Defender,,,,
Tarik Muharemovic,Bosnia and Herzegovina,Defender,,,,
Alex Sandro,Brazil,Defender,,,,
Alisson,Brazil,Goalkeeper,,,,
Bremer,Brazil,Defender,,,,
Bruno Guimaraes,Brazil,Midfielder,,,,
Casemiro,Brazil,Midfielder,,,,
Danilo,Brazil,Defender,,,,
Danilo Santos,Brazil,Midfielder,,,,
Douglas Santos,Brazil,Defender,,,,
Ederson,Brazil,Goalkeeper,,,,
Ederson Silva,Brazil,Midfielder,,,,
Endrick,Brazil,Forward,,,,
Fabinho,Brazil,Defender,,,,
Gabriel Magalhaes,Brazil,Defender,,,,
Gabriel Martinelli,Brazil,Forward,,,,
Igor Thiago,Brazil,Forward,,,,
Leo Pereira,Brazil,Defender,,,,
Lucas Paqueta,Brazil,Midfielder,,,,
Luiz Henrique,Brazil,Midfielder,,,,
Marquinhos,Brazil,Defender,,,,
Matheus Cunha,Brazil,Forward,,,,
Neymar,Brazil,Forward,,,,
Raphinha,Brazil,Midfielder,,,,
Rayan Rocha,Brazil,Forward,,,,
Roger Ibanez,Brazil,Defender,,,,
Vinicius Junior,Brazil,Forward,,,,
Weverton,Brazil,Goalkeeper,,,,
Alfie Jones,Canada,Defender,,,,
Ali Ahmed,Canada,Defender,,,,
Alistair Johnston,Canada,Defender,,,,
Alphonso Davies,Canada,Midfielder,,,,
Cyle Larin,Canada,Forward,,,,
Dayne St Clair,Canada,Goalkeeper,,,,
Derek Cornelius,Canada,Defender,,,,
Ismael Kone,Canada,Midfielder,,,,
Jacob Shaffelburg,Canada,Forward,,,,
Jayden Nelson,Canada,Forward,,,,
Joel Waterman,Canada,Midfielder,,,,
Jonathan David,Canada,Forward,,,,
Jonathan Osorio,Canada,Midfielder,,,,
Liam Millar,Canada,Forward,,,,
Luc de Fourgerolles,Canada,Defender,,,,
Mathieu Choinere,Canada,Midfielder,,,,
Maxime Crepeau,Canada,Goalkeeper,,,,
Moise Bombito,Canada,Defender,,,,
Nathan Saliba,Canada,Midfielder,,,,
Niko Sigur,Canada,Defender,,,,
Owen Goodman,Canada,Goalkeeper,,,,
Promise David Akinpelu,Canada,Forward,,,,
Richie Laryea,Canada,Midfielder,,,,
Stephen Eustaquio,Canada,Midfielder,,,,
Tajon Buchanan,Canada,Forward,,,,
Tani Oluwaseyi,Canada,Midfielder,,,,
Benchimol,Cape Verde,Forward,,,,
CJ dos Santos,Cape Verde,Goalkeeper,,,,
Dailon Livramento,Cape Verde,Forward,,,,
Deroy Duarte,Cape Verde,Midfielder,,,,
Diney,Cape Verde,Defender,,,,
Garry Rodrigues,Cape Verde,Midfielder,,,,
Helio Varela,Cape Verde,Midfielder,,,,
Jamiro Monteiro,Cape Verde,Midfielder,,,,
Joao Paulo,Cape Verde,Midfielder,,,,
Josimar Vozinha,Cape Verde,Goalkeeper,,,,
Jovane Cabral,Cape Verde,Midfielder,,,,
Kelvin Pires,Cape Verde,Defender,,,,
Kevin Pina,Cape Verde,Midfielder,,,,
Laros Duarte,Cape Verde,Midfielder,,,,
Logan Costa,Cape Verde,Defender,,,,
Marcio Rosa,Cape Verde,Goalkeeper,,,,
Nuno Da Costa,Cape Verde,Forward,,,,
Pico,Cape Verde,Defender,,,,
Ryan Mendes,Cape Verde,Forward,,,,
Sidney Cabral,Cape Verde,Defender,,,,
Steven Moreira,Cape Verde,Defender,,,,
Stopira,Cape Verde,Defender,,,,
Telmo Arcanjo,Cape Verde,Midfielder,,,,
Wagner Pina,Cape Verde,Defender,,,,
Willy Semedo,Cape Verde,Forward,,,,
Yannick Semedo,Cape Verde,Midfielder,,,,
Alvaro Montero,Colombia,Goalkeeper,,,,
Andres Gomez,Colombia,Midfielder,,,,
Camilo Vargas,Colombia,Goalkeeper,,,,
Cucho Hernandez,Colombia,Forward,,,,
Daniel Munoz,Colombia,Defender,,,,
David Ospina,Colombia,Goalkeeper,,,,
Davinson Sanchez,Colombia,Defender,,,,
Deiver Machado,Colombia,Defender,,,,
Gustavo Puerta,Colombia,Midfielder,,,,
James Rodriguez,Colombia,Midfielder,,,,
Jaminton Leandro Campaz,Colombia,Midfielder,,,,
Jefferson Lerma,Colombia,Midfielder,,,,
Jhon Arias,Colombia,Midfielder,,,,
Jhon Cordoba,Colombia,Forward,,,,
Jhon Lucumi,Colombia,Defender,,,,
Johan Mojica,Colombia,Defender,,,,
Jorge Carrascal,Colombia,Midfielder,,,,
Juan Portilla,Colombia,Midfielder,,,,
Juan Quintero,Colombia,Midfielder,,,,
Kevin Castano,Colombia,Midfielder,,,,
Luis Diaz,Colombia,Forward,,,,
Luis Suarez,Colombia,Forward,,,,
Richard Rios,Colombia,Midfielder,,,,
Santiago Arias,Colombia,Midfielder,,,,
Willer Ditta,Colombia,Defender,,,,
Yerry Mina,Colombia,Defender,,,,
Andrej Kramaric,Croatia,Forward,,,,
Ante Budimir,Croatia,Forward,,,,
Dominik Kotarski,Croatia,Goalkeeper,,,,
Dominik Livakovic,Croatia,Goalkeeper,,,,
Duje Caleta-Car,Croatia,Defender,,,,
Igor Matanovic,Croatia,Midfielder,,,,
Ivan Perisic,Croatia,Midfielder,,,,
Ivor Pandur,Croatia,Goalkeeper,,,,
Joako Gvardiol,Croatia,Defender,,,,
Josip Stanisic,Croatia,Defender,,,,
Josip Sutalo,Croatia,Defender,,,,
Kristijan Jakic,Croatia,Midfielder,,,,
Luka Modric,Croatia,Midfielder,,,,
Luka Sucic,Croatia,Midfielder,,,,
Luka Vuskovic,Croatia,Defender,,,,
Marco Pasalic,Croatia,Midfielder,,,,
Marin Pongracic,Croatia,Defender,,,,
Mario Pasalic,Croatia,Midfielder,,,,
Martin Baturina,Croatia,Midfielder,,,,
Martin Erlic,Croatia,Defender,,,,
Mateo Kovacic,Croatia,Midfielder,,,,
Nikola Moro,Croatia,Midfielder,,,,
Nikola Vlasic,Croatia,Midfielder,,,,
Petar Musa,Croatia,Forward,,,,
Petar Sucic,Croatia,Midfielder,,,,
Toni Fruk,Croatia,Midfielder,,,,
Ar'Jany Martha,Curaçao,Midfielder,,,,
Armando Obispo,Curaçao,Defender,,,,
Brandley Kuwas,Curaçao,Midfielder,,,,
Deveron Fonville,Curaçao,Defender,,,,
Eloy Room,Curaçao,Goalkeeper,,,,
Gervane Kastaneer,Curaçao,Forward,,,,
Godfried Roemeratoe,Curaçao,Midfielder,,,,
Jearl Margaritha,Curaçao,Forward,,,,
Jeremy Antonisse,Curaçao,Forward,,,,
Joshua Brenet,Curaçao,Defender,,,,
Juninho Bacuna,Curaçao,Forward,,,,
Jurgen Locadia,Curaçao,Forward,,,,
Jurien Gaari,Curaçao,Defender,,,,
Kenji Gorre,Curaçao,Midfielder,,,,
Kevin Felida,Curaçao,Midfielder,,,,
Leandro Bacuna,Curaçao,Midfielder,,,,
Livano Comenencia,Curaçao,Midfielder,,,,
Riechedly Bazoer,Curaçao,Defender,,,,
Roshon van Eijma,Curaçao,Defender,,,,
Sherel Floranus,Curaçao,Defender,,,,
Shurandy Sambo,Curaçao,Defender,,,,
Sonja Hansen,Curaçao,Midfielder,,,,
Tahith Chong,Curaçao,Forward,,,,
Tijjani Noslin,Curaçao,Midfielder,,,,
Trevor Doornbusch,Curaçao,Goalkeeper,,,,
Tyrick Bodak,Curaçao,Goalkeeper,,,,
Adam Hlozek,Czechia,Forward,,,,
Alekandr Sojka,Czechia,Midfielder,,,,
David Doudera,Czechia,Defender,,,,
David Zima,Czechia,Defender,,,,
Denis Visinsky,Czechia,Midfielder,,,,
Hugo Sochurek,Czechia,Midfielder,,,,
Jan Kuchta,Czechia,Forward,,,,
Jaromir Zmrhal,Czechia,Midfielder,,,,
Jaroslav Zeleny,Czechia,Defender,,,,
Jindrich Stanek,Czechia,Goalkeeper,,,,
Ladislav Krejci II,Czechia,Midfielder,,,,
Lukas Cerv,Czechia,Midfielder,,,,
Lukas Hornicek,Czechia,Goalkeeper,,,,
Lukas Provod,Czechia,Midfielder,,,,
Matej Kovar,Czechia,Goalkeeper,,,,
Michal Sadilek,Czechia,Midfielder,,,,
Mojmir Chytil,Czechia,Forward,,,,
Patrik Schick,Czechia,Forward,,,,
Pavel Sulc,Czechia,Midfielder,,,,
Robin Hranac,Czechia,Defender,,,,
Stepan CHaloupek,Czechia,Defender,,,,
Tomas Chory,Czechia,Forward,,,,
Tomas Holes,Czechia,Defender,,,,
Tomas Soucek,Czechia,Midfielder,,,,
Vladimir Coufal,Czechia,Defender,,,,
Vladimir Darida,Czechia,Midfielder,,,,
Aaron Tshibola,DR Congo,Midfielder,,,,
Aaron Wan-Bissaka,DR Congo,Defender,,,,
Arthur Masuaku,DR Congo,Defender,,,,
Axel Tuanzebe,DR Congo,Defender,,,,
Brian Cipenga,DR Congo,Midfielder,,,,
Cedric Bakambu,DR Congo,Forward,,,,
Chancel Mbemba,DR Congo,Midfielder,,,,
Charles Pickel,DR Congo,Midfielder,,,,
Dylan Batubinsika,DR Congo,Defender,,,,
Edo Kayembe,DR Congo,Midfielder,,,,
Fiston Mayele,DR Congo,Forward,,,,
Gael Kakuta,DR Congo,Midfielder,,,,
Gedeon Kalulu,DR Congo,Defender,,,,
Joris Kayembe,DR Congo,Defender,,,,
Lionel Mpasi,DR Congo,Goalkeeper,,,,
Matthieu Epolo,DR Congo,Goalkeeper,,,,
Meschak Elia,DR Congo,Forward,,,,
Nathanael Mbuku,DR Congo,Midfielder,,,,
Ngal'ayel Mukau,DR Congo,Midfielder,,,,
Noah Sadiki,DR Congo,Midfielder,,,,
Samuel Moutoussamy,DR Congo,Midfielder,,,,
Simon Banza,DR Congo,Forward,,,,
Steve Kapuadi,DR Congo,Defender,,,,
Theo Bongonda,DR Congo,Forward,,,,
Timothy Fayulu,DR Congo,Goalkeeper,,,,
Yoane Wissa,DR Congo,Forward,,,,
Alan Franco,Ecuador,Midfielder,,,,
Alan Minda,Ecuador,Forward,,,,
Angelo Preciado,Ecuador,Defender,,,,
Anthony Valencia,Ecuador,Forward,,,,
Denil Castillo,Ecuador,Midfielder,,,,
Enner Valencia,Ecuador,Midfielder,,,,
Felix Torres,Ecuador,Defender,,,,
Gonzalo Plata,Ecuador,Midfielder,,,,
Gonzalo Valle,Ecuador,Goalkeeper,,,,
Hernan Galindez,Ecuador,Goalkeeper,,,,
Jackson Porozo,Ecuador,Defender,,,,
Jeremy Arevalo,Ecuador,Forward,,,,
Joel Ordonez,Ecuador,Defender,,,,
John Yeboah Zamora,Ecuador,Midfielder,,,,
Jordy Alcivar,Ecuador,Midfielder,,,,
Jordy Caicedo,Ecuador,Forward,,,,
Kendry Paez,Ecuador,Midfielder,,,,
Kevin Rodriguez,Ecuador,Forward,,,,
Moises Caicedo,Ecuador,Midfielder,,,,
Moises Ramirez,Ecuador,Goalkeeper,,,,
Nilson Angulo,Ecuador,Forward,,,,
Pedro Vite,Ecuador,Midfielder,,,,
Pervis Estupinan,Ecuador,Defender,,,,
Piero Hincapie,Ecuador,Defender,,,,
William Pacho,Ecuador,Defender,,,,
Yaimar Medina,Ecuador,Defender,,,,
Ahmed Fatouh,Egypt,Defender,,,,
Ahmed Sayed Zizo,Egypt,Midfielder,,,,
El Mahdy Soliman,Egypt,Goalkeeper,,,,
Eman Ashour,Egypt,Midfielder,,,,
Haissem Hassan,Egypt,Forward,,,,
Hamdi Fathi,Egypt,Midfielder,,,,
Hamza Abdelkarim,Egypt,Forward,,,,
Hossam Abdelmaguid,Egypt,Defender,,,,
Ibrahim Adel,Egypt,Forward,,,,
Karim Hafez,Egypt,Defender,,,,
Mahmoud Alaa,Egypt,Defender,,,,
Mahmoud Saber,Egypt,Midfielder,,,,
Marwan Attia,Egypt,Midfielder,,,,
Mohamed Abdelmonem,Egypt,Defender,,,,
Mohamed Alaa,Egypt,Goalkeeper,,,,
Mohamed El-Shenawy,Egypt,Goalkeeper,,,,
Mohamed Hany,Egypt,Defender,,,,
Mohamed Salah,Egypt,Forward,,,,
Mohanad Lasheen,Egypt,Midfielder,,,,
Mostafa Shobeir,Egypt,Goalkeeper,,,,
Mostafa Ziko,Egypt,Midfielder,,,,
Nabil Emad,Egypt,Midfielder,,,,
Omar Marmoush,Egypt,Forward,,,,
Ramy Rabia,Egypt,Midfielder,,,,
Tarek Alaa,Egypt,Defender,,,,
Trezeguet,Egypt,Midfielder,,,,
Yasser Ibrahim,Egypt,Defender,,,,
Anthony Gordon,England,Midfielder,,,,
Bukayo Saka,England,Midfielder,,,,
Dan Burn,England,Defender,,,,
Dean Henderson,England,Goalkeeper,,,,
Declan Rice,England,Midfielder,,,,
Djed Spence,England,Defender,,,,
Eberechi Eze,England,Midfielder,,,,
Elliot Anderson,England,Midfielder,,,,
Ezri Konsa,England,Midfielder,,,,
Harry Kane,England,Forward,,,,
Ivan Toney,England,Forward,,,,
James Trafford,England,Goalkeeper,,,,
Jarell Quansah,England,Defender,,,,
John Stones,England,Defender,,,,
Jordan Henderson,England,Midfielder,,,,
Jordan Pickford,England,Goalkeeper,,,,
Jude Bellingham,England,Midfielder,,,,
Kobbie Mainoo,England,Midfielder,,,,
Marc Guehi,England,Defender,,,,
Marcus Rashford,England,Forward,,,,
Morgan Rogers,England,Midfielder,,,,
Nico O'Reilly,England,Defender,,,,
Noni Madueke,England,Midfielder,,,,
Ollie Watkins,England,Forward,,,,
Reece James,England,Defender,,,,
Trevoh Chalobah,England,Defender,,,,
Adrien Rabiot,France,Midfielder,,,,
Aurelien Tchouameni,France,Midfielder,,,,
Bradley Barcola,France,Forward,,,,
Brice Samba,France,Goalkeeper,,,,
Dayot Upamecano,France,Defender,,,,
Desire Doue,France,Forward,,,,
Ibrahima Konate,France,Defender,,,,
Jean Philippe Mateta,France,Forward,,,,
Jules Kounde,France,Defender,,,,
Kouadio Kone,France,Midfielder,,,,
Kylian Mbappe,France,Forward,,,,
Lucas Digne,France,Defender,,,,
Lucas Hernandez,France,Defender,,,,
Maghnes Akilouche,France,Midfielder,,,,
Malo Gusto,France,Defender,,,,
Marcus Thuram,France,Forward,,,,
Mathis Rayan Cherki,France,Midfielder,,,,
Maxence Lacroix,France,Defender,,,,
Michael Olise,France,Midfielder,,,,
Mike Maignan,France,Goalkeeper,,,,
N'Golo Kante,France,Midfielder,,,,
Ousmane Dembele,France,Midfielder,,,,
Robin Risser,France,Goalkeeper,,,,
Theo Hernandez,France,Defender,,,,
Warren Zaire-Emery,France,Midfielder,,,,
William Saliba,France,Defender,,,,
Aleksandar Pavlovic,Germany,Midfielder,,,,
Alexander Nubel,Germany,Goalkeeper,,,,
Angelo Stiller,Germany,Midfielder,,,,
Antonio Rudiger,Germany,Defender,,,,
David Raum,Germany,Midfielder,,,,
Deniz Undav,Germany,Forward,,,,
Felix Nmecha,Germany,Midfielder,,,,
Florian Wirtz,Germany,Midfielder,,,,
Forzan Ouedraogo,Germany,Midfielder,,,,
Jamal Musiala,Germany,Midfielder,,,,
Jamie Leweling,Germany,Forward,,,,
Jonathan Tah,Germany,Defender,,,,
Joshua Kimmich,Germany,Midfielder,,,,
Kai Havertz,Germany,Midfielder,,,,
Leon Goretzka,Germany,Midfielder,,,,
Leroy Sane,Germany,Midfielder,,,,
Malick Thiaw,Germany,Defender,,,,
Manuel Neuer,Germany,Goalkeeper,,,,
Maximilian Beier,Germany,Forward,,,,
Nadiem Amiri,Germany,Midfielder,,,,
Nathaniel Brown,Germany,Defender,,,,
Nick Woltemade,Germany,Forward,,,,
Nico Schlotterbeck,Germany,Defender,,,,
Oliver Baumann,Germany,Goalkeeper,,,,
Pascal Gross,Germany,Midfielder,,,,
Waldemar Anton,Germany,Defender,,,,
Abdul Fatawu,Ghana,Midfielder,,,,
Abdul Mumin,Ghana,Defender,,,,
Abdul-Rahman Baba,Ghana,Defender,,,,
Alidu Seidu,Ghana,Defender,,,,
Antoine Semenyo,Ghana,Forward,,,,
Augustine Boakye,Ghana,Midfielder,,,,
Benjamin Asare,Ghana,Goalkeeper,,,,
Brandon Thomas-Asante,Ghana,Forward,,,,
Caleb Yirenkyi,Ghana,Midfielder,,,,
Christophe Bonsu Baah,Ghana,Forward,,,,
Derrick Luckassen,Ghana,Defender,,,,
Elisha Owusu,Ghana,Midfielder,,,,
Ernest Nuamah,Ghana,Forward,,,,
Gideon Mensah,Ghana,Defender,,,,
Inaki Williams,Ghana,Forward,,,,
Jerome Opoku,Ghana,Defender,,,,
Jonas Adjei Adjetey,Ghana,Defender,,,,
Jordan Ayew,Ghana,Forward,,,,
Joseph Anang,Ghana,Goalkeeper,,,,
Kamaldeen Sulemana,Ghana,Midfielder,,,,
Kojo Peprah Oppong,Ghana,Defender,,,,
Kwasi Sibo,Ghana,Midfielder,,,,
Lawrence Ati-Zigi,Ghana,Goalkeeper,,,,
Marvin Senaya,Ghana,Defender,,,,
Prince Kwabena Adu,Ghana,Forward,,,,
Thomas Partey,Ghana,Midfielder,,,,
Alexandre Pierre,Haiti,Goalkeeper,,,,
Carl Sainte,Haiti,Midfielder,,,,
Carlens Arcus,Haiti,Defender,,,,
Derrick Etienne,Haiti,Midfielder,,,,
Dominique Simon,Haiti,Midfielder,,,,
Duckens Nazon,Haiti,Forward,,,,
Duke Lacroix,Haiti,Defender,,,,
Frantzdy Pierrot,Haiti,Forward,,,,
Garven Matusala,Haiti,Defender,,,,
Hannes Delcroix,Haiti,Defender,,,,
Jean Jacques Danley,Haiti,Midfielder,,,,
Jean Ricner Bellegarde,Haiti,Midfielder,,,,
Jean-Kevin Duverne,Haiti,Defender,,,,
Johny Placide,Haiti,Goalkeeper,,,,
Josue Casimir,Haiti,Forward,,,,
Josue Duverger,Haiti,Goalkeeper,,,,
Keeto Thermoncy,Haiti,Defender,,,,
Lenny Joseph,Haiti,Forward,,,,
Lucicius Deedson,Haiti,Forward,,,,
Martin Experience,Haiti,Defender,,,,
Ricardo Ade,Haiti,Defender,,,,
Ruben Providence,Haiti,Forward,,,,
Wilguens Paugain,Haiti,Defender,,,,
Wilson Isidor,Haiti,Forward,,,,
Woodensky Pierre,Haiti,Midfielder,,,,
Yassin Fortune,Haiti,Forward,,,,
Ali Alipour,Iran,Forward,,,,
Ali Nemati,Iran,Defender,,,,
Alireza Beiranvand,Iran,Goalkeeper,,,,
Alireza Jahanbakhsh,Iran,Midfielder,,,,
Amirhossein Hosseinzadeh,Iran,Forward,,,,
Amirmohammad Razzaghinia,Iran,Midfielder,,,,
Aria Yousefi,Iran,Defender,,,,
Danial Eirl,Iran,Midfielder,,,,
Dennis Eckert,Iran,Forward,,,,
Ehsan Hajsafi,Iran,Midfielder,,,,
Hossein Hosseini,Iran,Goalkeeper,,,,
Hossein Kanaani,Iran,Defender,,,,
Mehdi Ghayedi,Iran,Forward,,,,
Mehdi Taremi,Iran,Forward,,,,
Mehdi Torabi,Iran,Midfielder,,,,
Milad Mohammadi,Iran,Defender,,,,
Mohammad Ghorbani,Iran,Midfielder,,,,
Mohammad Mohebi,Iran,Midfielder,,,,
Payam Niazmand,Iran,Goalkeeper,,,,
Ramin Rezaeian,Iran,Defender,,,,
Rouzbeh Cheshmi,Iran,Defender,,,,
Saeid Ezatolahi,Iran,Midfielder,,,,
Saleh Hardani,Iran,Defender,,,,
Saman Ghoddos,Iran,Forward,,,,
Shahriyar Moghanlou,Iran,Forward,,,,
Shoja Khalilzadeh,Iran,Defender,,,,
Ahmed Basil,Iraq,Goalkeeper,,,,
Ahmed Maknzi,Iraq,Defender,,,,
Ahmed Qasem,Iraq,Midfielder,,,,
Aimar Sher,Iraq,Midfielder,,,,
Akam Hashim,Iraq,Defender,,,,
Ali Al-Hamadi,Iraq,Forward,,,,
Ali Jasim,Iraq,Midfielder,,,,
Ali Yousif,Iraq,Forward,,,,
Amir Al-Ammari,Iraq,Midfielder,,,,
Aymen Hussein,Iraq,Forward,,,,
Fahad Talib,Iraq,Goalkeeper,,,,
Frans Putros,Iraq,Defender,,,,
Hussein Ali,Iraq,Defender,,,,
Ibrahim Bayesh,Iraq,Midfielder,,,,
Jalal Hassan,Iraq,Goalkeeper,,,,
Karrar Jasim,Iraq,Midfielder,,,,
Kevin Yakob,Iraq,Midfielder,,,,
Manaf Younis,Iraq,Defender,,,,
Marko Farji,Iraq,Midfielder,,,,
Merchas Doski,Iraq,Defender,,,,
Mohanad Ali,Iraq,Forward,,,,
Mustafa Saadoon,Iraq,Defender,,,,
Rebin Sulaka,Iraq,Defender,,,,
Youssef Amyn,Iraq,Midfielder,,,,
Zaid Ismail,Iraq,Midfielder,,,,
Zaid Tahseen,Iraq,Defender,,,,
Zidane Iqbal,Iraq,Midfielder,,,,
Alban Lafont,Ivory Coast,Goalkeeper,,,,
Amad Diallo,Ivory Coast,Forward,,,,
Ange Yohan Bonny,Ivory Coast,Forward,,,,
Bazoumana Toure,Ivory Coast,Forward,,,,
Christ Inao Oulai,Ivory Coast,Midfielder,,,,
Christopher Operi,Ivory Coast,Defender,,,,
Elye Wahi,Ivory Coast,Forward,,,,
Emmanuel Agbadou,Ivory Coast,Defender,,,,
Evan Ndicka,Ivory Coast,Defender,,,,
Evann Guessand,Ivory Coast,Forward,,,,
Franck Kessie,Ivory Coast,Defender,,,,
Ghislain Konan,Ivory Coast,Defender,,,,
Guela Doue,Ivory Coast,Defender,,,,
Ibrahim Sangare,Ivory Coast,Midfielder,,,,
Jean Michael Seri,Ivory Coast,Midfielder,,,,
Mohamed Kone,Ivory Coast,Goalkeeper,,,,
Nicolas Pepe,Ivory Coast,Forward,,,,
Odilon Kossounou,Ivory Coast,Defender,,,,
Oumar Diakite,Ivory Coast,Forward,,,,
Ousmane Diomande,Ivory Coast,Defender,,,,
Parfait Guiagon,Ivory Coast,Midfielder,,,,
Seko Fofana,Ivory Coast,Midfielder,,,,
Simon Adingra,Ivory Coast,Forward,,,,
Wilfried Singo,Ivory Coast,Defender,,,,
Yahia Fofana,Ivory Coast,Goalkeeper,,,,
Yan Diomande,Ivory Coast,Forward,,,,
Ao Tanaka,Japan,Midfielder,,,,
Ayase Ueda,Japan,Forward,,,,
Ayumu Seko,Japan,Defender,,,,
Daichi Kamada,Japan,Midfielder,,,,
Daizen Maeda,Japan,Forward,,,,
Hiroki Ito,Japan,Midfielder,,,,
Junnosuke Suzuki,Japan,Defender,,,,
Junya Ito,Japan,Midfielder,,,,
Kaishu Sano,Japan,Midfielder,,,,
Keisuke Goto,Japan,Forward,,,,
Keisuke Osako,Japan,Goalkeeper,,,,
Keito Nakamura,Japan,Midfielder,,,,
Kento Shiogai,Japan,Forward,,,,
Ko Itakura,Japan,Defender,,,,
Koki Ogawa,Japan,Forward,,,,
Ritsu Doan,Japan,Midfielder,,,,
Shogo Taniguchi,Japan,Defender,,,,
Shuto Machino,Japan,Forward,,,,
Takefusa Kubo,Japan,Midfielder,,,,
Takehiro Tomiyasu,Japan,Defender,,,,
Tomoki Hayakawa,Japan,Goalkeeper,,,,
Tsuyoshi Watanabe,Japan,Defender,,,,
Yuito Suzuki,Japan,Forward,,,,
Yukinari Sugawara,Japan,Defender,,,,
Yuto Nagatomo,Japan,Defender,,,,
Zion Suzuki,Japan,Goalkeeper,,,,
Abdallah Al-Fakhouri,Jordan,Goalkeeper,,,,
Abdullah Nasib,Jordan,Defender,,,,
Ali Azaizeh,Jordan,Forward,,,,
Ali Olwan,Jordan,Forward,,,,
Amer Jamous,Jordan,Midfielder,,,,
Anas Badawi,Jordan,Defender,,,,
Husam Abu Dahab,Jordan,Defender,,,,
Ibrahim Sa'deh,Jordan,Midfielder,,,,
Ihsan Haddad,Jordan,Defender,,,,
Mahmoud Al-Mardi,Jordan,Forward,,,,
Mohammad Abu Hashish,Jordan,Midfielder,,,,
Mohammad Abu Zrayq,Jordan,Forward,,,,
Mohammad Abualnadi,Jordan,Defender,,,,
Mohammad Al-Dawoud,Jordan,Midfielder,,,,
Mohammad Taha,Jordan,Defender,,,,
Mohannad Abu Taha,Jordan,Midfielder,,,,
Musa Al-Taamari,Jordan,Forward,,,,
Nizar Al-Rashdan,Jordan,Midfielder,,,,
Noor Al-Rawabdeh,Jordan,Midfielder,,,,
Nour Bani Attiah,Jordan,Goalkeeper,,,,
Odeh Al-Fakhouri,Jordan,Forward,,,,
Rajaei Ayed,Jordan,Midfielder,,,,
Saed Al-Rosan,Jordan,Defender,,,,
Salim Obaid,Jordan,Defender,,,,
Shareef Adnan,Jordan,Defender,,,,
Yazan Al-Arab,Jordan,Defender,,,,
Yazeed Abulaila,Jordan,Goalkeeper,,,,
Alexis Vega,Mexico,Forward,,,,
Alvaro Fidalgo,Mexico,Midfielder,,,,
Armando Gonzalez,Mexico,Forward,,,,
Brian Gutierrez,Mexico,Midfielder,,,,
Carlos Acevedo,Mexico,Goalkeeper,,,,
Cesar Huerta,Mexico,Forward,,,,
Cesar Montes,Mexico,Defender,,,,
Edson Alvarez,Mexico,Defender,,,,
Erik Lira,Mexico,Midfielder,,,,
Gilberto Mora,Mexico,Midfielder,,,,
Guillermo Martinez,Mexico,Forward,,,,
Guillermo Ochoa,Mexico,Goalkeeper,,,,
Israel Reyes,Mexico,Defender,,,,
Jesus Gallardo,Mexico,Forward,,,,
Johan Vasquez,Mexico,Defender,,,,
Jorge Sanchez,Mexico,Defender,,,,
Julian Quinones,Mexico,Forward,,,,
Luis Chavez,Mexico,Midfielder,,,,
Luis Romo,Mexico,Defender,,,,
Mateo Chavez,Mexico,Defender,,,,
Obed Vargas,Mexico,Midfielder,,,,
Orbelin Pineda,Mexico,Midfielder,,,,
Raul Jimenez,Mexico,Forward,,,,
Raul Rangel,Mexico,Goalkeeper,,,,
Roberto Alvarado,Mexico,Forward,,,,
Santiago Gimenez,Mexico,Forward,,,,
Achraf Hakimi,Morocco,Defender,,,,
Ahmed Reda Tagnaouti,Morocco,Goalkeeper,,,,
Amine Sbai,Morocco,Forward,,,,
Anass Salah-Eddine,Morocco,Defender,,,,
Ayoub El Kaabi,Morocco,Forward,,,,
Ayoub El Khaliqi,Morocco,Defender,,,,
Ayoube Amaimouni,Morocco,Forward,,,,
Ayyoub Bouaddi,Morocco,Midfielder,,,,
Azzeddine Ounahi,Morocco,Midfielder,,,,
Bilal El Khannouss,Morocco,Midfielder,,,,
Brahim Diaz,Morocco,Forward,,,,
Chadi Riad,Morocco,Defender,,,,
Chemsdine Talbi,Morocco,Midfielder,,,,
Gessine Yassine,Morocco,Midfielder,,,,
Ismael Saibari,Morocco,Midfielder,,,,
Issa Diop,Morocco,Defender,,,,
Marwane Saadane,Morocco,Defender,,,,
Munir Mohamedi,Morocco,Goalkeeper,,,,
Neil El Aynaoui,Morocco,Midfielder,,,,
Noussair Mazraoui,Morocco,Defender,,,,
Redouane Halal,Morocco,Defender,,,,
Samir El Mourabet,Morocco,Midfielder,,,,
Sofyan Amrabat,Morocco,Midfielder,,,,
Soufiane Rahimi,Morocco,Forward,,,,
Yassine Bounou,Morocco,Goalkeeper,,,,
Youssef Belammari,Morocco,Defender,,,,
Zakaria El Ouahdi,Morocco,Defender,,,,
Bart Varbruggen,Netherlands,Goalkeeper,,,,
Brian Brobbey,Netherlands,Forward,,,,
Cody Gakpo,Netherlands,Midfielder,,,,
Crysensio Summerville,Netherlands,Forward,,,,
Denzel Dumfries,Netherlands,Defender,,,,
Donyell Malen,Netherlands,Forward,,,,
Frenkie de Jong,Netherlands,Midfielder,,,,
Guus Til,Netherlands,Midfielder,,,,
Jan Paul van Hecke,Netherlands,Defender,,,,
Jorrel Hato,Netherlands,Defender,,,,
Justin Kluivert,Netherlands,Midfielder,,,,
Lutsharel Geertruida,Netherlands,Defender,,,,
Mark Flekken,Netherlands,Goalkeeper,,,,
Marten de Roon,Netherlands,Midfielder,,,,
Mats Wieffer,Netherlands,Midfielder,,,,
Memphis Depay,Netherlands,Midfielder,,,,
Micky van de Ven,Netherlands,Defender,,,,
Nathan Ake,Netherlands,Defender,,,,
Noa Lang,Netherlands,Midfielder,,,,
Quinten Timber,Netherlands,Midfielder,,,,
Robin Roefs,Netherlands,Goalkeeper,,,,
Ryan Gravenberch,Netherlands,Midfielder,,,,
Teun Koopmeiners,Netherlands,Midfielder,,,,
Tijjani Reijnders,Netherlands,Midfielder,,,,
Virgil van Dijk,Netherlands,Defender,,,,
Wout Weghorst,Netherlands,Forward,,,,
Alex Paulsen,New Zealand,Goalkeeper,,,,
Alex Rufer,New Zealand,Forward,,,,
Ben Old,New Zealand,Midfielder,,,,
Ben Waine,New Zealand,Forward,,,,
Callan Elliot,New Zealand,Defender,,,,
Callum McCowatt,New Zealand,Midfielder,,,,
Chris Wood,New Zealand,Forward,,,,
Elijah Just,New Zealand,Forward,,,,
Finn Surman,New Zealand,Defender,,,,
Francis de Vries,New Zealand,Defender,,,,
Jesse Randall,New Zealand,Forward,,,,
Joe Bell,New Zealand,Midfielder,,,,
Kosta Barbarouses,New Zealand,Forward,,,,
Lachlan Bayliss,New Zealand,Midfielder,,,,
Liberato Cacace,New Zealand,Defender,,,,
Logan Rogerson,New Zealand,Forward,,,,
Marko Stamenic,New Zealand,Midfielder,,,,
Max Crocombe,New Zealand,Goalkeeper,,,,
Michael Boxall,New Zealand,Defender,,,,
Michael Woud,New Zealand,Goalkeeper,,,,
Nando Pijnaker,New Zealand,Defender,,,,
Ryan Thomas,New Zealand,Midfielder,,,,
Sarpreet Singh,New Zealand,Midfielder,,,,
Tim Payne,New Zealand,Defender,,,,
Tommy Smith,New Zealand,Defender,,,,
Tyler Bindon,New Zealand,Defender,,,,
Alexander Sorloth,Norway,Forward,,,,
Andreas Schjelderup,Norway,Midfielder,,,,
Antonio Nusa,Norway,Forward,,,,
David Wolfe,Norway,Defender,,,,
Egil Selvik,Norway,Goalkeeper,,,,
Erling Haaland,Norway,Forward,,,,
Fredrik Andre Bjorkan,Norway,Defender,,,,
Fredrik Aursnes,Norway,Midfielder,,,,
Henrik Falchener,Norway,Defender,,,,
Jens Petter Hauge,Norway,Forward,,,,
Jorgen Strand Larsen,Norway,Forward,,,,
Julian Ryersen,Norway,Defender,,,,
Kristian Thorstvedt,Norway,Midfielder,,,,
Kristoffer Ajer,Norway,Midfielder,,,,
Leo Ostigard,Norway,Defender,,,,
Marcus Pedersen,Norway,Defender,,,,
Martin Odegaard,Norway,Midfielder,,,,
Morten Thorsby,Norway,Midfielder,,,,
Orjan Nyland,Norway,Goalkeeper,,,,
Oscar Bobb,Norway,Midfielder,,,,
Patrick Berg,Norway,Midfielder,,,,
Sander Berge,Norway,Midfielder,,,,
Sander Tangvik,Norway,Goalkeeper,,,,
Sondre Langas,Norway,Defender,,,,
Thelo Aasgaard,Norway,Midfielder,,,,
Torbjorn Heggem,Norway,Defender,,,,
Adalberto Carrasquilla,Panama,Midfielder,,,,
Alberto Quintero,Panama,Midfielder,,,,
Andres Andrade,Panama,Midfielder,,,,
Anibal Godoy,Panama,Midfielder,,,,
Azarias Londono,Panama,Forward,,,,
Carlos Harvey,Panama,Midfielder,,,,
Cecilio Waterman,Panama,Forward,,,,
Cesar Blackman,Panama,Midfielder,,,,
Cesar Samudio,Panama,Goalkeeper,,,,
Cesar Yanis,Panama,Midfielder,,,,
Christian Martinez P,Panama,Midfielder,,,,
Edgar Barcenas,Panama,Midfielder,,,,
Edgardo Farina,Panama,Defender,,,,
Erick Davis,Panama,Defender,,,,
Fidel Escobar,Panama,Defender,,,,
Ismael Diaz,Panama,Forward,,,,
Jiovany Ramos,Panama,Defender,,,,
Jorge Gutierrez,Panama,Defender,,,,
Jose Cordoba,Panama,Midfielder,,,,
Jose Fajardo,Panama,Forward,,,,
Jose Luis Rodriguez,Panama,Midfielder,,,,
Luis Mejia,Panama,Goalkeeper,,,,
Michael Amir Murillo,Panama,Defender,,,,
Orlando Mosquera,Panama,Goalkeeper,,,,
Roderick Miller,Panama,Defender,,,,
Rolando Blackburn,Panama,Forward,,,,
Tomas Rodriguez,Panama,Forward,,,,
Adrian Cubas,Paraguay,Midfielder,,,,
Alejandro Romero,Paraguay,Midfielder,,,,
Alex Arce,Paraguay,Forward,,,,
Alexandro Maidana,Paraguay,Defender,,,,
Antonio Sanabria,Paraguay,Forward,,,,
Braian Ojeda,Paraguay,Midfielder,,,,
Damian Bobadilla,Paraguay,Midfielder,,,,
Diego Gomez,Paraguay,Midfielder,,,,
Fabian Balbuena,Paraguay,Midfielder,,,,
Gabriel Avalos,Paraguay,Forward,,,,
Gaston Oliveira,Paraguay,Goalkeeper,,,,
Gustavo Caballero,Paraguay,Midfielder,,,,
Gustavo Gomez,Paraguay,Defender,,,,
Gustavo Velazquez,Paraguay,Defender,,,,
Isidro Pitta,Paraguay,Forward,,,,
Jose Canale,Paraguay,Defender,,,,
Juan Jose Caceres,Paraguay,Defender,,,,
Julio Enciso,Paraguay,Forward,,,,
Junior Alonso,Paraguay,Defender,,,,
Matias Galarza,Paraguay,Midfielder,,,,
Mauricio,Paraguay,Midfielder,,,,
Miguel Almiron,Paraguay,Midfielder,,,,
Omar Alderete,Paraguay,Defender,,,,
Orlando Gill,Paraguay,Goalkeeper,,,,
Ramon Sosa,Paraguay,Forward,,,,
Roberto Junior Fernandez,Paraguay,Goalkeeper,,,,
Bernardo Silva,Portugal,Midfielder,,,,
Bruno Fernandes,Portugal,Midfielder,,,,
Cristiano Ronaldo,Portugal,Forward,,,,
Diogo Costa,Portugal,Goalkeeper,,,,
Diogo Dalot,Portugal,Defender,,,,
Francisco Conceicao,Portugal,Midfielder,,,,
Francisco Trincao,Portugal,Forward,,,,
Goncalo Guedes,Portugal,Forward,,,,
Goncalo Inacio,Portugal,Defender,,,,
Goncalo Ramos,Portugal,Midfielder,,,,
Joao Cancelo,Portugal,Defender,,,,
Joao Felix,Portugal,Forward,,,,
Joao Neves,Portugal,Midfielder,,,,
Jose Sa,Portugal,Goalkeeper,,,,
Matheus Nunes,Portugal,Midfielder,,,,
Nelson Semedo,Portugal,Defender,,,,
Nuno Mendes,Portugal,Defender,,,,
Pedro Neto,Portugal,Forward,,,,
Rafael Leao,Portugal,Forward,,,,
Renato Veiga,Portugal,Midfielder,,,,
Ruben Dias,Portugal,Defender,,,,
Ruben Neves,Portugal,Midfielder,,,,
Rui Silva,Portugal,Goalkeeper,,,,
Samu Costa,Portugal,Midfielder,,,,
Tomas Lemos Araujo,Portugal,Defender,,,,
Vitinha,Portugal,Midfielder,,,,
Abdulaziz Hatem,Qatar,Midfielder,,,,
Ahmed Al-Ganehi,Qatar,Forward,,,,
Ahmed Alaaeldin,Qatar,Forward,,,,
Ahmed Fatehi,Qatar,Midfielder,,,,
Akram Afif,Qatar,Forward,,,,
Al-Hashmi Al-Hussain,Qatar,Defender,,,,
Almoez Ali,Qatar,Forward,,,,
Assim Madibo,Qatar,Midfielder,,,,
Ayoub Al-Oui,Qatar,Defender,,,,
Boualem Khoukhi,Qatar,Midfielder,,,,
Edmilson Junior,Qatar,Midfielder,,,,
Hassan Al Haidos,Qatar,Forward,,,,
Homan Ahmed,Qatar,Defender,,,,
Issa Laye,Qatar,Defender,,,,
Jassem Gaber,Qatar,Defender,,,,
Karim Boudiaf,Qatar,Midfielder,,,,
Lucas Mendes,Qatar,Defender,,,,
Mahmud Abunada,Qatar,Goalkeeper,,,,
Meshaal Barsham,Qatar,Goalkeeper,,,,
Mohamed Manai,Qatar,Midfielder,,,,
Mohammed Muntari,Qatar,Forward,,,,
Ro-Ro,Qatar,Defender,,,,
Salah Zakaria,Qatar,Goalkeeper,,,,
Sultan Al-Brake,Qatar,Defender,,,,
Tahsin Jamshid,Qatar,Forward,,,,
Yusuf Abdurisag,Qatar,Forward,,,,
Abdulelah Al-Amri,Saudi Arabia,Defender,,,,
Abdullah Al-Hamdan,Saudi Arabia,Forward,,,,
Abdullah Al-Khaibari,Saudi Arabia,Midfielder,,,,
Ahmed Al-Kassar,Saudi Arabia,Goalkeeper,,,,
Alaa Al-Hejji,Saudi Arabia,Midfielder,,,,
Ali Lajami,Saudi Arabia,Defender,,,,
Ali Majrashi,Saudi Arabia,Defender,,,,
Ayman Yahya,Saudi Arabia,Midfielder,,,,
Firas Al-Buraikan,Saudi Arabia,Forward,,,,
Hassan Al-Tambakti,Saudi Arabia,Defender,,,,
Hassan Kadesh,Saudi Arabia,Defender,,,,
Jehad Thakri,Saudi Arabia,Defender,,,,
Khalid Al-Ghannam,Saudi Arabia,Forward,,,,
Mohamed Kanno,Saudi Arabia,Midfielder,,,,
Mohammed Abu Al-Shamat,Saudi Arabia,Defender,,,,
Mohammed Al-Owais,Saudi Arabia,Goalkeeper,,,,
Moteb Al-Harbi,Saudi Arabia,Defender,,,,
Musab Al-Juwayr,Saudi Arabia,Defender,,,,
Nasser Al-Dawsari,Saudi Arabia,Midfielder,,,,
Nawaf Al-Aqidi,Saudi Arabia,Goalkeeper,,,,
Nawaf Boushal,Saudi Arabia,Defender,,,,
Saleh Al-Shehri,Saudi Arabia,Forward,,,,
Salem Al-Dawsari,Saudi Arabia,Midfielder,,,,
Saud Abdulhamid,Saudi Arabia,Defender,,,,
Sultan Mandash,Saudi Arabia,Midfielder,,,,
Ziyad Al-Johani,Saudi Arabia,Midfielder,,,,
Aaron Hickey,Scotland,Defender,,,,
Andrew Robertson,Scotland,Defender,,,,
Angus Gunn,Scotland,Goalkeeper,,,,
Ben Doak,Scotland,Midfielder,,,,
Che Adams,Scotland,Forward,,,,
Craig Gordon,Scotland,Goalkeeper,,,,
Dominic Hyam,Scotland,Defender,,,,
Findlay Curtis,Scotland,Midfielder,,,,
George Hirst,Scotland,Forward,,,,
Grant Hanley,Scotland,Defender,,,,
Jack Hendry,Scotland,Defender,,,,
John McGinn,Scotland,Midfielder,,,,
John Souttar,Scotland,Midfielder,,,,
Kenny McLean,Scotland,Midfielder,,,,
Kieran Tierney,Scotland,Defender,,,,
Lawrence Shankland,Scotland,Forward,,,,
Lewis Ferguson,Scotland,Midfielder,,,,
Liam Kelly,Scotland,Goalkeeper,,,,
Lyndon Dykes,Scotland,Forward,,,,
Nathan Patterson,Scotland,Defender,,,,
Ross Stewart,Scotland,Forward,,,,
Ryan Christie,Scotland,Midfielder,,,,
Scott McKenna,Scotland,Defender,,,,
Scott McTominay,Scotland,Midfielder,,,,
Tony Ralston,Scotland,Defender,,,,
Tyler Fletcher,Scotland,Midfielder,,,,
Abdoulaye Seck,Senegal,Defender,,,,
Antoine Mendy,Senegal,Defender,,,,
Assane Diao,Senegal,Forward,,,,
Bamba Dieng,Senegal,Forward,,,,
Bara Sapoko Ndiaye,Senegal,Midfielder,,,,
Cheick N'Diaye,Senegal,Goalkeeper,,,,
Cherif Ndiaye,Senegal,Forward,,,,
Edouard Mendy,Senegal,Goalkeeper,,,,
El Hadji Malick Diouf,Senegal,Defender,,,,
Habib Diallo,Senegal,Forward,,,,
Habib Diarra,Senegal,Midfielder,,,,
Ibrahim Mbaye,Senegal,Forward,,,,
Ibrahima M'Baye,Senegal,Defender,,,,
Idrissa Gueye,Senegal,Midfielder,,,,
Iliman Ndiaye,Senegal,Forward,,,,
Ismail Jakobs,Senegal,Midfielder,,,,
Ismaila Sarr,Senegal,Midfielder,,,,
Kalidou Koulibaly,Senegal,Defender,,,,
Krepin Diatta,Senegal,Midfielder,,,,
Lamine Camara,Senegal,Midfielder,,,,
Mamadou Sarr,Senegal,Defender,,,,
Mory Diaw,Senegal,Goalkeeper,,,,
Moussa Niakhate,Senegal,Defender,,,,
Nicolas Jackson,Senegal,Midfielder,,,,
Pape Gueye,Senegal,Midfielder,,,,
Pape Matar Sarr,Senegal,Midfielder,,,,
Pathe Ciss,Senegal,Defender,,,,
Sadio Mane,Senegal,Forward,,,,
Yehvann Diouf,Senegal,Goalkeeper,,,,
Aubrey Modiba,South Africa,Defender,,,,
Bradley Cross,South Africa,Defender,,,,
Evidence Makgopa,South Africa,Forward,,,,
Ime Okon,South Africa,Defender,,,,
Iqraam Rayners,South Africa,Midfielder,,,,
Jayden Adams,South Africa,Midfielder,,,,
Kamogelo Sebelebele,South Africa,Midfielder,,,,
Khuliso Mudau,South Africa,Defender,,,,
Khulumani Ndamane,South Africa,Defender,,,,
Lyle Foster,South Africa,Forward,,,,
Mbekezeli Mbokazi,South Africa,Defender,,,,
Nkosinathi Sibisi,South Africa,Defender,,,,
Olwethu Makhanya,South Africa,Defender,,,,
Oswin Appollis,South Africa,Midfielder,,,,
Relebohile Mokokeng,South Africa,Midfielder,,,,
Ricardo Goss,South Africa,Goalkeeper,,,,
Ronwen Williams,South Africa,Goalkeeper,,,,
Samuele Kabini,South Africa,Defender,,,,
Sipho Chaine,South Africa,Goalkeeper,,,,
Teboho Mokoena,South Africa,Midfielder,,,,
Thabang Matuludi,South Africa,Defender,,,,
Thalente Mbatha,South Africa,Midfielder,,,,
Thapelo Maseko,South Africa,Midfielder,,,,
Themba Zwane,South Africa,Midfielder,,,,
Tshepamg Moremi,South Africa,Midfielder,,,,
Yaya Sithole,South Africa,Midfielder,,,,
Bum-Keun Song,South Korea,Goalkeeper,,,,
Cho Wi-je,South Korea,Defender,,,,
Dong-gyeong Lee,South Korea,Midfielder,,,,
Gue-Sung Cho,South Korea,Forward,,,,
Han-Beom Lee,South Korea,Defender,,,,
Hee-Chan Hwang,South Korea,Forward,,,,
Heung Min Son,South Korea,Forward,,,,
Hyeon-gyu Oh,South Korea,Forward,,,,
Hyeon-woo Jo,South Korea,Goalkeeper,,,,
Hyun-Jun Yang,South Korea,Midfielder,,,,
In-Beom Hwang,South Korea,Midfielder,,,,
Jae-Sung Lee,South Korea,Midfielder,,,,
Jens Castrop,South Korea,Defender,,,,
Ji-Sung Eom,South Korea,Midfielder,,,,
Jun-Ho Bae,South Korea,Midfielder,,,,
Kang-In Lee,South Korea,Midfielder,,,,
Kim Jin-gyu,South Korea,Midfielder,,,,
Kim Tae-hyeon,South Korea,Defender,,,,
Lee Gi-hyuk,South Korea,Defender,,,,
Lee Tae-seok,South Korea,Defender,,,,
Min-Jae Kim,South Korea,Defender,,,,
Moon-Hwan Kim,South Korea,Defender,,,,
Park Jin-seob,South Korea,Defender,,,,
Seol Young-Woo,South Korea,Defender,,,,
Seung-Gyu Kim,South Korea,Goalkeeper,,,,
Seung-Ho Paik,South Korea,Midfielder,,,,
Tae-Hwan Kim,South Korea,Midfielder,,,,
Alex Baena,Spain,Midfielder,,,,
Alex Grimaldo,Spain,Defender,,,,
Aymeric Laporte,Spain,Defender,,,,
Borja Iglesias,Spain,Defender,,,,
Dani Olmo,Spain,Forward,,,,
David Raya,Spain,Goalkeeper,,,,
Eric Garcia,Spain,Defender,,,,
Fabian,Spain,Midfielder,,,,
Ferran Torres,Spain,Midfielder,,,,
Gavi,Spain,Midfielder,,,,
Joan Garcia,Spain,Goalkeeper,,,,
Lamine Yamal,Spain,Forward,,,,
Marc Cucurella,Spain,Defender,,,,
Marc Pubill,Spain,Defender,,,,
Marcos Llorente,Spain,Midfielder,,,,
Martin Zubimendi,Spain,Midfielder,,,,
Mikel Merino,Spain,Midfielder,,,,
Mikel Oyarzabal,Spain,Midfielder,,,,
Nico Williams,Spain,Forward,,,,
Pau Cubarsi,Spain,Defender,,,,
Pedri,Spain,Midfielder,,,,
Pedro Porro,Spain,Defender,,,,
Rodri Hernandez,Spain,Midfielder,,,,
Unai Simon,Spain,Goalkeeper,,,,
Victor Munoz,Spain,Forward,,,,
Yeremi Pino,Spain,Forward,,,,
Albin Ekdal,Sweden,Midfielder,,,,
Alexander Bernhardsson,Sweden,Midfielder,,,,
Alexander Isak,Sweden,Forward,,,,
Anthony Elanga,Sweden,Forward,,,,
Benjamin Nygren,Sweden,Midfielder,,,,
Besfort Zeneli,Sweden,Midfielder,,,,
Carl Starfelt,Sweden,Defender,,,,
Daniel Svensson,Sweden,Defender,,,,
Elliot Stroud,Sweden,Defender,,,,
Eric Anders Smith,Sweden,Defender,,,,
Gabriel Gudmundsson,Sweden,Defender,,,,
Gustaf Nilsson,Sweden,Forward,,,,
Gustav Lagerbielke,Sweden,Midfielder,,,,
Herman Johansson,Sweden,Defender,,,,
Hjalmar Ekdal,Sweden,Defender,,,,
Isak Hien,Sweden,Defender,,,,
Jacob Widell Zetterstrom,Sweden,Goalkeeper,,,,
Jesper Karlstrom,Sweden,Midfielder,,,,
Ken Sema,Sweden,Midfielder,,,,
Kristoffer Nordfeldt,Sweden,Goalkeeper,,,,
Lucas Bergvall,Sweden,Midfielder,,,,
Mattias Svanberg,Sweden,Midfielder,,,,
Taha Abdi Ali,Sweden,Forward,,,,
Victor Lindelof,Sweden,Defender,,,,
Viktor Gyokeres,Sweden,Forward,,,,
Viktor Johansson,Sweden,Goalkeeper,,,,
Yasin Ayari,Sweden,Midfielder,,,,
Ardon Jasari,Switzerland,Midfielder,,,,
Aurele Amenda,Switzerland,Defender,,,,
Breel Embolo,Switzerland,Forward,,,,
Cedric Itten,Switzerland,Forward,,,,
Christian Fassnacht,Switzerland,Forward,,,,
Dan Ndoye,Switzerland,Forward,,,,
Denis Zakaria,Switzerland,Midfielder,,,,
Djibril Sow,Switzerland,Midfielder,,,,
Eray Comert,Switzerland,Defender,,,,
Fabian Rieder,Switzerland,Midfielder,,,,
Granit Xhaka,Switzerland,Midfielder,,,,
Gregor Kobel,Switzerland,Goalkeeper,,,,
Johan Manzambi,Switzerland,Midfielder,,,,
Luca Jaquez,Switzerland,Defender,,,,
Manuel Akanji,Switzerland,Defender,,,,
Marvin Keller,Switzerland,Goalkeeper,,,,
Michel Aebischer,Switzerland,Midfielder,,,,
Miro Muheim,Switzerland,Defender,,,,
Nico Elvedi,Switzerland,Defender,,,,
Noah Okafor,Switzerland,Midfielder,,,,
Remo Freuler,Switzerland,Midfielder,,,,
Ricardo Rodriguez,Switzerland,Defender,,,,
Ruben Vargas,Switzerland,Forward,,,,
Silvan Widmer,Switzerland,Defender,,,,
Yvon Mvogo,Switzerland,Goalkeeper,,,,
Zeki Amdouni,Switzerland,Forward,,,,
Adem Arous,Tunisia,Defender,,,,
Ali Abdi,Tunisia,Defender,,,,
Anis Ben Hatira,Tunisia,Midfielder,,,,
Anis Slimane,Tunisia,Midfielder,,,,
Aymen Dahmen,Tunisia,Goalkeeper,,,,
Dylan Bronn,Tunisia,Defender,,,,
Elias Saad,Tunisia,Forward,,,,
Ellyes Skhiri,Tunisia,Midfielder,,,,
Firas Chaouat,Tunisia,Forward,,,,
Hadj Mahmoud,Tunisia,Midfielder,,,,
Hannibal Mejbri,Tunisia,Midfielder,,,,
Hazem Mastouri,Tunisia,Forward,,,,
Ismael Gharbi,Tunisia,Midfielder,,,,
Khalil Ayari,Tunisia,Forward,,,,
Mohamed Amine Ben Hamida,Tunisia,Defender,,,,
Mohamed Elias Achouri,Tunisia,Forward,,,,
Montassar Talbi,Tunisia,Defender,,,,
Mortsdha Ben Ouanes,Tunisia,Defender,,,,
Moulib Chamakh,Tunisia,Goalkeeper,,,,
Moutaz Neffati,Tunisia,Defender,,,,
Omar Rekik,Tunisia,Midfielder,,,,
Raed Chikhaoui,Tunisia,Defender,,,,
Rani Khedira,Tunisia,Midfielder,,,,
Rayan Elloumi,Tunisia,Forward,,,,
Sabri Ben Hessen,Tunisia,Goalkeeper,,,,
Sebastian Tounekti,Tunisia,Forward,,,,
Yan Valery,Tunisia,Defender,,,,
Yassine Chikhaoui,Tunisia,Forward,,,,
Abdulkerim Bardakci,Türkiye,Defender,,,,
Altay Bayindir,Türkiye,Goalkeeper,,,,
Arda Guler,Türkiye,Midfielder,,,,
Baris Alper Yilmaz,Türkiye,Forward,,,,
Caglar Soyuncu,Türkiye,Defender,,,,
Can Uzun,Türkiye,Midfielder,,,,
Deniz Gul,Türkiye,Forward,,,,
Eren Elmali,Türkiye,Defender,,,,
Fehmi Mert Gunok,Türkiye,Goalkeeper,,,,
Ferdi Kadioglu,Türkiye,Midfielder,,,,
Hakan Calhanoglu,Türkiye,Midfielder,,,,
Irfan Can Kahveci,Türkiye,Midfielder,,,,
Ismail Yuksek,Türkiye,Midfielder,,,,
Kaan Ayhan,Türkiye,Midfielder,,,,
Kenan Yildiz,Türkiye,Forward,,,,
Kerem Akturkoglu,Türkiye,Forward,,,,
Merih Demiral,Türkiye,Defender,,,,
Mert Muldur,Türkiye,Defender,,,,
Oguz Aydin,Türkiye,Forward,,,,
Orkun Kokcu,Türkiye,Midfielder,,,,
Ozan Kabak,Türkiye,Defender,,,,
Salih Ozcan,Türkiye,Midfielder,,,,
Samet Akaydin,Türkiye,Defender,,,,
Ugurcan Cakır,Türkiye,Goalkeeper,,,,
Yunus Akgun,Türkiye,Forward,,,,
Zeki Celik,Türkiye,Defender,,,,
Alejandro Zendejas,USA,Midfielder,,,,
Alex Freeman,USA,Defender,,,,
Antonee Robinson,USA,Defender,,,,
Auston Trusty,USA,Defender,,,,
Brendon Aaronson,USA,Midfielder,,,,
Chris Brady,USA,Goalkeeper,,,,
Chris Richards,USA,Defender,,,,
Christian Pulisic,USA,Midfielder,,,,
Cristian Roldan,USA,Midfielder,,,,
Folarin Balogun,USA,Forward,,,,
Giovanni Reyna,USA,Midfielder,,,,
Haji Wright,USA,Forward,,,,
Joseph Scally,USA,Defender,,,,
Malik Tillman,USA,Midfielder,,,,
Mark McKenzie,USA,Defender,,,,
Matt Freese,USA,Goalkeeper,,,,
Matt Turner,USA,Goalkeeper,,,,
Max Arfsten,USA,Defender,,,,
Miles Robinson,USA,Midfielder,,,,
Ricardo Pepi,USA,Forward,,,,
Sebastian Berhalter,USA,Midfielder,,,,
Sergino Dest,USA,Defender,,,,
Tim Ream,USA,Defender,,,,
Timothy Weah,USA,Forward,,,,
Tyler Adams,USA,Midfielder,,,,
Weston McKennie,USA,Midfielder,,,,
Agustin Canobbio,Uruguay,Midfielder,,,,
Brian Rodriguez,Uruguay,Forward,,,,
Darwin Nunez,Uruguay,Forward,,,,
Emiliano Martinez,Uruguay,Midfielder,,,,
Facundo Pellistri,Uruguay,Midfielder,,,,
Federico Valverde,Uruguay,Midfielder,,,,
Federico Vinas,Uruguay,Forward,,,,
Fernando Muslera,Uruguay,Goalkeeper,,,,
Giorgian De Arrascaeta,Uruguay,Midfielder,,,,
Guillermo Varela,Uruguay,Defender,,,,
Joaquin Piquerez,Uruguay,Defender,,,,
Jose Maria Gimenez,Uruguay,Defender,,,,
Juan Manuel Sanabria,Uruguay,Midfielder,,,,
Manuel Ugarte,Uruguay,Midfielder,,,,
Mathias Olivera,Uruguay,Defender,,,,
Matias Vina,Uruguay,Defender,,,,
Maximiliano Araujo,Uruguay,Forward,,,,
Nicolas de la Cruz,Uruguay,Midfielder,,,,
Rodrigo Aguirre,Uruguay,Forward,,,,
Rodrigo Bentancur,Uruguay,Midfielder,,,,
Rodrigo Zalazar,Uruguay,Midfielder,,,,
Ronald Araujo,Uruguay,Defender,,,,
Santiago Bueno,Uruguay,Defender,,,,
Santiago Mele,Uruguay,Goalkeeper,,,,
Sebastian Caceras,Uruguay,Defender,,,,
Sergio Rochet,Uruguay,Goalkeeper,,,,
Abbosbek Fayzullaev,Uzbekistan,Midfielder,,,,
Abdulla Abdullaev,Uzbekistan,Defender,,,,
Abduqodir Khusanov,Uzbekistan,Defender,,,,
Abduvohid Nematov,Uzbekistan,Goalkeeper,,,,
Akmal Mozgovoy,Uzbekistan,Midfielder,,,,
Avazbek Ulmasaliev,Uzbekistan,Defender,,,,
Azizbek Amonov,Uzbekistan,Forward,,,,
Azizjon Ganiev,Uzbekistan,Midfielder,,,,
Bekhruz Karimov,Uzbekistan,Defender,,,,
Botirali Eregashev,Uzbekistan,Goalkeeper,,,,
Dostonbek Khamdamov,Uzbekistan,Midfielder,,,,
Eldor Shomurodov,Uzbekistan,Forward,,,,
Farrukh Sayfiev,Uzbekistan,Defender,,,,
Igor Sergeev,Uzbekistan,Forward,,,,
Jakhongir Urozov,Uzbekistan,Defender,,,,
Jamshid Iskanderov,Uzbekistan,Defender,,,,
Khoriakbar Alijonov,Uzbekistan,Defender,,,,
Odiljon Hamrobekov,Uzbekistan,Midfielder,,,,
Oston Uronov,Uzbekistan,Midfielder,,,,
Otabek Shukurov,Uzbekistan,Midfielder,,,,
Rushtam Ashurmatov,Uzbekistan,Defender,,,,
Ruslanbek Jiyanov,Uzbekistan,Forward,,,,
Sherzod Esanov,Uzbekistan,Midfielder,,,,
Sherzod Nasrullaev,Uzbekistan,Defender,,,,
Umar Eshmurodov,Uzbekistan,Defender,,,,
Utkir Yusupov,Uzbekistan,Goalkeeper,,,,
